﻿<?xml version="1.0" encoding="utf-8"?>
<Database Name="LINQDB2008" xmlns="http://schemas.microsoft.com/linqtosql/mapping/2007">
  <Table Name="dbo.BUSEO" Member="BUSEOs">
    <Type Name="BUSEO">
      <Column Name="buseocode" Member="Buseocode" Storage="_Buseocode" DbType="Char(4) NOT NULL" CanBeNull="false" IsPrimaryKey="true" />
      <Column Name="buseoname" Member="Buseoname" Storage="_Buseoname" DbType="VarChar(16)" />
    </Type>
  </Table>
  <Table Name="dbo.SAWON" Member="SAWONs">
    <Type Name="SAWON">
      <Column Name="s_num" Member="S_num" Storage="_S_num" DbType="Int NOT NULL IDENTITY" IsPrimaryKey="true" IsDbGenerated="true" AutoSync="OnInsert" />
      <Column Name="s_name" Member="S_name" Storage="_S_name" DbType="VarChar(14)" />
      <Column Name="buseocode" Member="Buseocode" Storage="_Buseocode" DbType="Char(4)" />
      <Column Name="s_position" Member="S_position" Storage="_S_position" DbType="VarChar(10)" />
    </Type>
  </Table>
</Database>